id;nom_complet_app;email;telephone;date_naissance;photo;photo_content_type;adresse;matricule_app;sexe;nationalite
1;a;Daphn82@hotmail.fr;0722336177;2022-07-16;../fake-data/blob/hipster.png;image/png;b Handmade;Gloves;Masclin;Autre
2;e-commerce Berkshire Computers;Nadine97@gmail.com;+33 521897299;2022-07-16;../fake-data/blob/hipster.png;image/png;Designer green approach;Kids;Feminin;Autre
3;state even-keeled Plastic;Alphonse_Picard@yahoo.fr;+33 412534441;2022-07-16;../fake-data/blob/hipster.png;image/png;capacitor Superviseur model;panel Bahamas;Feminin;Autre
4;Concrete;Grard.Leroy62@hotmail.fr;0544328632;2022-07-15;../fake-data/blob/hipster.png;image/png;support Car maroon;Account workforce;Feminin;Autre
5;b Assistant Corée;Matthias_Laine94@hotmail.fr;0619916896;2022-07-16;../fake-data/blob/hipster.png;image/png;Île-de-France;Manager;Masclin;Senegalais
6;Mandatory granular Nord-Pas-de-Calais;Francisque14@gmail.com;+33 330669733;2022-07-16;../fake-data/blob/hipster.png;image/png;demand-driven Nord revolutionary;transmitter;Masclin;Autre
7;aggregate index;Arolde.Duval@hotmail.fr;+33 108757443;2022-07-15;../fake-data/blob/hipster.png;image/png;Delesseux interface;PNG;Feminin;Senegalais
8;generating;Ariste.Deschamps40@hotmail.fr;0326597962;2022-07-16;../fake-data/blob/hipster.png;image/png;Handcrafted Chips index;architectures Table;Feminin;Autre
9;Metal withdrawal;Pnlope53@yahoo.fr;0413449229;2022-07-16;../fake-data/blob/hipster.png;image/png;circuit;connect;Feminin;Senegalais
10;compressing streamline;Marine_Lefebvre@yahoo.fr;+33 370105609;2022-07-16;../fake-data/blob/hipster.png;image/png;Gloves;Concrete d'Orsel;Feminin;Autre
