id;nom;prenom;responsabilite;nom_etab;departement;type_etab;statut;type_insp;email;matricule_etab
1;visualize;Producteur;Comptable_matiere;cyan Account;Gossas;CFP;Public;IA;Angilberte65@hotmail.fr;SMS
2;compressing;Metal Pants solid;Proviseur;Money Tasty;Birkelane;CFP;Public;IA;Tiphaine_Dupuis26@hotmail.fr;Bretagne Afghani
3;Account Rupee;optimize deposit;Comptable_matiere;invoice 17(E.U.A.-17);Kaffrine;LyceeTechnique;Public;IA;Annibal87@yahoo.fr;synthesize Savings Units
4;Gambie Outdoors;Steel Account;Admin;Buckinghamshire Gorgeous;Dakar;LyceeTechnique;Prive;IA;Maxime.Renaud64@gmail.com;salmon
5;Developpeur d'Azur;a transmit;Directeur;Metal Uruguay;Saint_Louis;CFP;Public;IA;Brice_Renaud75@yahoo.fr;Aquitaine
6;online Administrateur Sharable;c;Directeur;Music Incredible;Fatick;LyceeTechnique;Public;IEF;Paule.Morel@yahoo.fr;Fantastic
7;Versatile upward-trending;Pound Chicken payment;Admin;protocol Credit;Podor;CFP;Prive;IA;Amalthe.Guillot@hotmail.fr;bricks-and-clicks Mouse explicit
8;invoice;relationships;Comptable_matiere;impactful;Dakar;LyceeTechnique;Public;IA;Samuel.Masson@hotmail.fr;migration logistical payment
9;b;Administrateur Ingenieur de;Surveillant;Islands Assistant help-desk;Kaolack;CFP;Prive;IEF;Florian_Schneider@yahoo.fr;auxiliary
10;Agent;Incredible;Admin;Chypre;Velingara;LyceeTechnique;Public;IEF;piphane_Garcia@yahoo.fr;Health b Producteur
