id;nom;prenom;email;telephone;date_naissance;sexe;matricule_app
1;Toys;XML;Cassandre50@gmail.com;+33 673414855;2022-07-16;Masclin;c base Account
2;matrix;Seine Polarised embrace;Amthyste.Dufour@yahoo.fr;+33 377362173;2022-07-16;Feminin;overriding
3;end-to-end Producteur;redundant generating;Annette32@gmail.com;+33 786715077;2022-07-16;Masclin;Cheese programming
4;tan Chair improvement;Dinar b;Aim26@hotmail.fr;0168495609;2022-07-16;Feminin;Bangladesh Pakistan Plastic
5;whiteboard withdrawal;Royale Belarussian;Rodrigue46@hotmail.fr;0513074884;2022-07-16;Feminin;plum
6;Buckinghamshire;Tasty well-modulated Profit-focused;Genevive_Lemoine@yahoo.fr;+33 111083904;2022-07-16;Feminin;Gloves Reduced deposit
7;e-business plum;turquoise;Anthelmette78@gmail.com;0689597766;2022-07-16;Feminin;lime a generate
8;de;Architecte streamline auxiliary;Avoye28@hotmail.fr;+33 666053978;2022-07-15;Feminin;invoice efficient PCI
9;multi-byte Cotton;Polarised Rubber;Nestor64@hotmail.fr;0284233825;2022-07-16;Feminin;orchid Cambridgeshire
10;orange Hat;Rustic Soft front-end;Lucienne.Cousin56@hotmail.fr;+33 183783245;2022-07-16;Feminin;Russian Monsieur-le-Prince Saint-Bernard
